Alegre Fuentes, Andrea  dam1_andreaalegre@riberadeltajo.es
Alia Otero, Pablo  dam1_pabloalia@riberadeltajo.es
Alonso Cañizares, Alejandro  dam1_alejandroalonso@riberadeltajo.es
Carbonero Rodríguez, Carlos  dam1_carloscarbonero@riberadeltajo.es
Fernández Gómez, Benjamín  dam1_benjaminfernandez@riberadeltajo.es
García López, Jesús  dam1_jesusgarcia@riberadeltajo.es
García de las Heras Ramos, Daniel  dam1_danielgarcia@riberadeltajo.es
Gómez Galán, Daniel  dam1_danielgomez@riberadeltajo.es
GONZALEZ MUÑOZ, ROSA MARIA  dam1_rosamariagonzalez@riberadeltajo.es
González García, David  dam1_davidgonzalez@riberadeltajo.es
Jara Cordobés, Rubén  dam1_rubenjara@riberadeltajo.es
López Hernández, Alberto  dam1_albertolopez@riberadeltajo.es
López Martín, Diego  dam1_diegolopez@riberadeltajo.es
Machín Yébenes, Javier  dam1_javiermachin@riberadeltajo.es
Martin Velardo, Elia  dam1_eliamartin@riberadeltajo.es
Moreno Sánchez, Héctor  dam1_hectormoreno@riberadeltajo.es
Pedraza Rafael de la Cruz, Diego  dam1_diegopedraza@riberadeltajo.es
Pérez de la Fuente, Alberto  dam1_albertoperez@riberadeltajo.es
Ramiro Martín, Álvaro  dam1_alvaroramiro@riberadeltajo.es
Rodríguez Sanmartín, Daniel  dam1_danielrodriguez@riberadeltajo.es
Sánchez-Izquierdo García-Heras, Jesús  dam1_jesussanchez-izquierdo@riberadeltajo.es
Telcian , Ovidut Andrei  dam1_ovidutandreitelcian@riberadeltajo.es
Torralba Cuadrado, Daniel  dam1_danieltorralba@riberadeltajo.es
Valero Vázquez, Diego  dam1_diegovalero@riberadeltajo.es
Villanueva García, Alejandro José  dam1_alejandrojosevillanueva@riberadeltajo.es
Yu Zhu, Ramón  dam1_ramonyu@riberadeltajo.es
